name	gene	transcript	target_sequence	pam	genomic_position_hg38	strand	oligo_name	oligo1_sequence	oligo2_sequence	backbone	comments
	CHD4	ENST00000357008.7	GACATGGAGAAGGCTCCCGA	GGG	chr12:6600242	-	CHD4-sg9			pX459V2.0-eSpCas9(1.1)	designed with Benchling
	CHD4	ENST00000357008.7	GTGCCCTAATCAGAGCATCT	GGG	chr12:6591769	-	CHD4-sg21			pX459V2.0-eSpCas9(1.1)	designed with Benchling
	ERCC2	NM_000400	GCATGTAGGAGAACTGCTCG	GGG	chr19:45370162	+	ERCC2-sg2			pX459V2.0-eSpCas9(1.1)	designed with Benchling
	ERCC2	NM_000400	GGTGGAAGTCCAGGATCTTG	GGG	chr19:45357326	+	ERCC2-sg15			pX459V2.0-eSpCas9(1.1)	designed with Benchling
	ERCC2	NM_000400	GGCCTCGTCGAAGACCACGA	CGG	chr19:45364434	+	ERCC2-sg8			pX459V2.0-eSpCas9(1.1)	designed with CHOPCHOP (rank 1)
	ERCC2	NM_000400	GCGCTGGATGCACACGCGCT	GGG	chr19:45363754	+	ERCC2-sg11			pX459V2.0-eSpCas9(1.1)	designed with CHOPCHOP (rank 3)
	OGG1	NM_002542	GTACGATGCCCCATGCGCCT	GGG	chr3:9750308	-	OGG1-sg1			pX459V2.0-eSpCas9(1.1)	designed with CHOPCHOP (rank 1)
	OGG1	NM_002542	GGCTCAACTGTATCACCACT	GGG	chr3:9751125	+	OGG1-sg2			pX459V2.0-eSpCas9(1.1)	designed with CHOPCHOP (rank 2)
	BRCA1	NM_007294	GATGTTTCCGTCAAATCGTG	TGG	chr17:43074354	+	BRCA1-sg14b			pX459V2.0-eSpCas9(1.1)	designed with CHOPCHOP (rank 2)
	BRCA1	NM_007294	GGTACATGCACAGTTGCTCT	GGG	chr17:43074461	-	BRCA1-sg14a			pX459V2.0-eSpCas9(1.1)	designed with CHOPCHOP (rank 7)
	BRCA2	NM_000059	GCTCGCTGGTATACCAAACT	TGG	chr13:32370426	+	BRCA2-sg19			pX459V2.0-eSpCas9(1.1)	designed with CHOPCHOP (rank 1)
	BRCA2	NM_000059	GTCTACCTGACCAATCGATG	GGG	chr13:32337864	-	BRCA2-sg11a			pX459V2.0-eSpCas9(1.1)	designed with CHOPCHOP (rank 3)
	BRCA2	NM_000059	GGAGAGCCCCTTATCTTAGT	GGG	chr13:32341175	+	BRCA2-sg11b			pX459V2.0-eSpCas9(1.1)	designed with CHOPCHOP (rank 7)
	MGMT	NM_002412	GCCGTGGGCAACTACTCCGG	AGG	chr10:129766833	+	MGMT-sg5			pX459V2.0-eSpCas9(1.1)	designed with CHOPCHOP (rank 1)
	MGMT	NM_002412	GTCTGGTGAACGACTCTGAA	AGG	chr10:129759194	-	MGMT-sg4			pX459V2.0-eSpCas9(1.1)	designed with CHOPCHOP (rank 7)
	TP53	NM_000546	GAGCGCTGCTCAGATAGCGA	TGG	chr17:7675052	-	TP53-sg5			pX459V2.0-eSpCas9(1.1)	designed with CHOPCHOP (rank 3)
	TP53	NM_000546	GCGCCGGTCTCTCCCAGGAC	AGG	chr17:7673771	+	TP53-sg8			pX459V2.0-eSpCas9(1.1)	designed with CHOPCHOP (rank 5)
	TP53	NM_000546	GCATGGGCGGCATGAACCGG	AGG	chr17:7674216	+	TP53-sg7			pX459V2.0-eSpCas9(1.1)	designed with CHOPCHOP (rank 7)
	PALB2	NM_024675	GGTTCACAATGATCTGATGC	TGG	chr16:23634960	+	PALB2-sg4			pX459V2.0-eSpCas9(1.1)	designed with CHOPCHOP (rank 1)
	PALB2	NM_024675	GCATAAACATTCCGTCGAAC	AGG	chr16:23629639	-	PALB2-sg5			pX459V2.0-eSpCas9(1.1)	designed with CHOPCHOP (rank 2)
	ATM	NM_000051	GATGCAGGAAATCAGTAGTT	TGG	chr11:108229271	+	ATM-sg4			pX459V2.0-eSpCas9(1.1)	designed with CHOPCHOP (rank 4)
	ATM	NM_000051	TGATAGAGCTACAGAACGAA	AGG	chr11:108227675	+	ATM-sg2			pX459V2.0-eSpCas9(1.1)	designed with CHOPCHOP (rank 1)
	NBN	NM_002485	GGAACGTGTGTTGTTGATAC	AGG	chr8:89970439	-	NBN-sg7			pX459V2.0-eSpCas9(1.1)	designed with CHOPCHOP (rank 1)
	NBN	NM_002485	GTAGTGTTCACTGGGGCGCT	TGG	chr8:89958767	+	NBN-sg9			pX459V2.0-eSpCas9(1.1)	designed with CHOPCHOP (rank 6)
	XRCC6	NM_001469	GTGATCTCCGAGATACAGGT	GGG	chr22:41636753	+	XRCC6-sg5			pX459V2.0-eSpCas9(1.1)	designed with CHOPCHOP (rank 1)
	XRCC6	NM_001469	GACGACTCCCATAGATCTGA	AGG	chr22:41647023	-	XRCC6-sg8			pX459V2.0-eSpCas9(1.1)	designed with CHOPCHOP (rank 2)
	XRCC5	NM_021141	GGAAAAGCCACGCCGACTTG	AGG	chr2:216137181	-	XRCC5-sg11			pX459V2.0-eSpCas9(1.1)	designed with CHOPCHOP (rank 1)
	XRCC5	NM_021141	GATGGCCCCTTTCGCTTAGG	TGG	chr2:216122108	+	XRCC5-sg6			pX459V2.0-eSpCas9(1.1)	designed with CHOPCHOP (rank 5)
	XPA	NM_000380	CGTAAGACTTGTACTATGTG	TGG	chr9:97675467 	-	XPA-sg6			pX459V2.0-eSpCas9(1.1)	designed with CHOPCHOP (rank 4)
	XPA	NM_000380	GAATCCACATCATTCACAAT	GGG	chr9:97687125	-	XPA-sg4			pX459V2.0-eSpCas9(1.1)	designed with CHOPCHOP (rank 10)
	XPA	NM_000380	GCCCCAAAGATAATTGACAC	AGG	chr9:97693717	-	XPA-sg2			pX459V2.0-eSpCas9(1.1)	designed with CHOPCHOP (rank 18)
	MUTYH	NM_012222	GCGTGGGGCGCTACACAGCT	GGG	chr1:45332601	-	MUTYH-sg8			pX459V2.0-eSpCas9(1.1)	designed with CHOPCHOP (rank 3)
	MUTYH	NM_012222	GCTACTATTCTCGTGGCCGG	CGG	chr1:45332784	-	MUTYH-sg7			pX459V2.0-eSpCas9(1.1)	designed with CHOPCHOP (rank 5)
	MLH1	NM_000249	GGGAATCTGTACGAACCATC	TGG	chr3:37025741	-	MLH1-sg12			pX459V2.0-eSpCas9(1.1)	designed with CHOPCHOP (rank 1)
	MLH1	NM_000249	GTTAATGATCCTTCTCCGGG	GGG	chr3:37028858	-	MLH1-sg13			pX459V2.0-eSpCas9(1.1)	designed with CHOPCHOP (rank 5)
	PMS2	NM_000535	GAACTCATAGAAAAGTCCAG	GGG	chr7:5986894	+	PMS2-sg11b			pX459V2.0-eSpCas9(1.1)	designed with CHOPCHOP (rank 15)
	PMS2	NM_000535	GAGTATGCGGCCAGCTCCCC	AGG	chr7:5987191	-	PMS2-sg11a			pX459V2.0-eSpCas9(1.1)	designed with CHOPCHOP (rank 23)
	XPC	NM_004628	GAAGCGTCGCTACGGGCCCA	AGG	chr3:14147289	-	XPC-sg15			pX459V2.0-eSpCas9(1.1)	designed with CHOPCHOP (rank 1)
	XPC	NM_004628	GCAACCCAGCGACGTCCGCA	TGG	chr3:14158627	-	XPC-sg9			pX459V2.0-eSpCas9(1.1)	designed with CHOPCHOP (rank 2)
	ERCC6	NM_000124	GGTCATGTACGACATCCCTA	AGG	chr10:49530819	-	ERCC6-sg3			pX459V2.0-eSpCas9(1.1)	designed with CHOPCHOP (rank 1)
	ERCC6	NM_000124	GAAGGAGTATCGGTCGGTCC	TGG	chr10:49532553	-	ERCC6-sg2			pX459V2.0-eSpCas9(1.1)	designed with CHOPCHOP (rank 2)
	FANCD2	NM_033084	GTAAAGCTTCTTAAGATATC	AGG	chr3:10032912	+	FANCD2-sg3			pX459V2.0-eSpCas9(1.1)	provided by author of PMID 29021208
	FANCD2	NM_033084	GTTGTCGTCTATTAGATTGG	AGG	chr3:10042582	+	FANCD2-sg11			pX459V2.0-eSpCas9(1.1)	designed with CHOPCHOP (rank 3)
	MBD4	NM_003925	TGCCGTAAGTCTGTCCCATG	TGG	chr3:129437789	-	MBD4-sg2			pX459V2.0-eSpCas9(1.1)	designed with CHOPCHOP (rank 3)
	MBD4	NM_003925	AGGGGACAGTAACTTACCGG	AGG	chr3:129439713	+	MBD4-sg1			pX459V2.0-eSpCas9(1.1)	designed with CHOPCHOP (rank 7)
	MRE11	NM_005590	GCAATCATGACGATCCCACA	GGG	chr11:94479674	-	MRE11-sg5			pX459V2.0-eSpCas9(1.1)	designed with CHOPCHOP (rank 2)
	MRE11	NM_005590	CGAAGACAAAATCGATGAGG	AGG	chr11:94459407	-	MRE11-sg13			pX459V2.0-eSpCas9(1.1)	designed with CHOPCHOP (rank 3)
	BRIP1	NM_032043	GCCCGTGCTGTCATAACAAT	AGG	chr17:61743044	-	BRIP1-sg16			pX459V2.0-eSpCas9(1.1)	designed with CHOPCHOP (rank 1)
	BRIP1	NM_032043	GACCTCTCAATTTTGAATGG	TGG	chr17:61716015	+	BRIP1-sg17			pX459V2.0-eSpCas9(1.1)	designed with CHOPCHOP (rank 4)
	MSH6	NM_000179	CCAAGATGGAGGGTTACCCC	TGG	chr2:47790958	+	MSH6-sg2			pX459V2.0	provided by PMID 29717121; not compatible with high-fidelity Cas9; targets non-essential exon 2
	MSH6	NM_000179	GAGTCCTAAATCTCGAACAA	TGG	chr2:47799714	-	MSH6-sg4			pX459V2.0-eSpCas9(1.1)	designed with CHOPCHOP (rank 2)
	MSH6	NM_000179	AGAGGAACGTAATAGTCTCC	TGG	chr2:47806487	-	MSH6-sg9			pX459V2.0-eSpCas9(1.1)	designed with CHOPCHOP (rank 3)
	BLM	NM_000057	CGTGCAACAACTTACACCTG	AGG	chr15:90769579	-	BLM-sg12			pX459V2.0-eSpCas9(1.1)	designed with CHOPCHOP (rank 1)
	BLM	NM_000057	GCGATCAATGCTGCACTGCT	TGG	chr15:90763106	+	BLM-sg8			pX459V2.0-eSpCas9(1.1)	designed with CHOPCHOP (rank 2)
	RECQL4	NM_004260	GTACGTAATTGCCCCTGTCA	TGG	chr8:144516056	+	RECQL4-sg5			pX459V2.0-eSpCas9(1.1)	designed with CHOPCHOP (rank 1)
	RECQL4	NM_004260	GAGACGACCAACGTGAGGCA	GGG	chr8:144514964	+	RECQL4-sg9			pX459V2.0-eSpCas9(1.1)	designed with CHOPCHOP (rank 3)
	RAD51C	NM_002876	GTTCCGCTTTGAAATGCAGC	GGG	chr17:58692658	+	RAD51C-sg1a			pX459V2.0-eSpCas9(1.1)	designed with CHOPCHOP (rank 2)
	RAD51C	NM_002876	GTTACCTTTGCTAAGCTCGG	AGG	chr17:58692771	-	RAD51C-sg1b			pX459V2.0-eSpCas9(1.1)	designed with CHOPCHOP (rank 5)
	RAD50	NM_005732	GGTAGACTGTCATCGTGAAC	TGG	chr5:132588004	+	RAD50-sg7			pX459V2.0-eSpCas9(1.1)	designed with CHOPCHOP (rank 2)
	RAD50	NM_005732	CGGCAGGTACGTCAGACACA	AGG	chr5:132579887	+	RAD50-sg5			pX459V2.0-eSpCas9(1.1)	designed with CHOPCHOP (rank 3)
pX459-gTP53BP1	TP53BP1	NM_005657	CCACCAACTCTGGTTATACC	AGG	chr15:43479887	-	TP53BP-sg6	CACCGCCACCAACTCTGGTTATACC		pX459V2.0	obtained plasmid from Namsoo Lee (g53BP1-4 F)
	TP53BP1	NM_005657	GAACGGTCCCCTGCCAAGCG	AGG	chr15:43415620	-	TP53BP-sg23			pX459V2.0-eSpCas9(1.1)	designed with CHOPCHOP (rank 4)
pX459-gREV7	MAD2L2	NM_006341	TCTCATCCTCTACGTGCGCG	AGG	chr1:11680409	-	REV7-sg3	CACCGTCTCATCCTCTACGTGCGCG		pX459V2.0	obtained plasmid from Namsoo Lee (gREV7-2 F); equivalent to CHOPCHOP MAD2L2 design rank 2
	MAD2L2	NM_006341	GGATAAAGAGCACCGCCCAG	TGG	chr1:11676894	-	REV7-sg5			pX459V2.0-eSpCas9(1.1)	designed with CHOPCHOP (rank 5)
	CHEK2	NM_007194	AGGTAAAGCTGGCTTTCGAG	AGG	chr22:28711984	-	CHEK2-sg6			pX459V2.0-eSpCas9(1.1)	provided by PMID 29717121; identical to CHOPCHOP design rank 1
	CHEK2	NM_007194	AGACACCCGTGGCTTCAGGT	GGG	chr22:28694027	-	CHEK2-sg13			pX459V2.0-eSpCas9(1.1)	designed with CHOPCHOP (rank 6)
	CHEK1	NM_001274	GCTGTCAGGAGTATTCTGAC	TGG	chr11:125635456	+	CHEK1-sg7			pX459V2.0-eSpCas9(1.1)	designed with CHOPCHOP (rank 4)
	CHEK1	NM_001274	CGTTTGTTGAACAAGATGTG	TGG	chr11:125633222	+	CHEK1-sg6			pX459V2.0-eSpCas9(1.1)	designed with CHOPCHOP (rank 7)
	ATR	NM_001184	TGACGTGCGAAAACAAGATG	TGG	chr3:142550215	-	ATR-sg14			pX459V2.0-eSpCas9(1.1)	designed with CHOPCHOP (rank 1)
	ATR	NM_001184	GAAATCAAGCAACATCACGG	AGG	chr3:142566200	+	ATR-sg3			pX459V2.0-eSpCas9(1.1)	designed with CHOPCHOP (rank 3)
